{
    "Acceleration": 1,
    "CreationTime": "20250517T043631",
    "DoNotShowWindowOnFinish": true,
    "Events": [
        {
            "Delta": 0,
            "EventType": "MouseDown",
            "Timestamp": 507,
            "X": 51.08000183105469,
            "Y": 87.5
        },
        {
            "Delta": 0,
            "EventType": "MouseUp",
            "Timestamp": 594,
            "X": 51.08000183105469,
            "Y": 87.5
        },
        {
            "Delta": 0,
            "EventType": "MouseDown",
            "Timestamp": 1922,
            "X": 50.810001373291016,
            "Y": 64.66000366210938
        },
        {
            "Delta": 0,
            "EventType": "MouseUp",
            "Timestamp": 2017,
            "X": 50.810001373291016,
            "Y": 64.66000366210938
        }
    ],
    "LoopDuration": 0,
    "LoopInterval": 0,
    "LoopIterations": 1,
    "LoopType": "TillLoopNumber",
    "MacroSchemaVersion": 3,
    "MergeConfigurations": [
    ],
    "RestartPlayer": false,
    "RestartPlayerAfterMinutes": 60,
    "Shortcut": "1"
}
